TicketID,description
1.0,"We had a big scheduled maintenance event planned for the northern region to upgrade our aging network infrastructure, and let me tell you, it was quite the ordeal. The goal was to replace outdated equipment and boost connectivity for thousands of homes and businesses that had been struggling with slow speeds and frequent outages for ages. We spent weeks preparingâ€”coordinating crews, scheduling downtime, and sending out notices to customers so they'd know what to expect. The actual work involved digging up old cables, installing new fiber optic lines, and updating software across multiple hubs. It started early in the morning, and we hoped to wrap it up quickly, but things got messyâ€”some areas lost service entirely, and others saw their speeds drop even lower than before. People weren't happy, and I get it; we'd promised an upgrade, not a downgrade. Still, it's done now, and the network should be stronger for it."
2.0,"As a software developer specializing in machine learning projects, I rely completely on stable, high-speed internet connectivity to collaborate with my international team. Today's internet failure has been catastrophic for my work processes. During a critical team meeting discussing an advanced machine learning project with global implications, my video connection experienced persistent interruptions - frames freezing, audio dropping intermittently, and my carefully prepared technical presentation disintegrating into a fragmented mess. I've systematically attempted every possible technical solution within my professional toolkit: precise modem reboots, methodical network configuration adjustments, desperate attempts to leverage mobile hotspot technologies, and even exploring alternative connection methods. Each attempted solution has been met with the same contemptuous digital silence, a persistent sluggishness that fundamentally undermines my ability to collaborate effectively. The complete absence of communication from our internet service provider adds another layer of professional anxiety. No proactive updates, no transparent explanation of potential infrastructure issues, no estimated resolution time - just a vast, information-free void that leaves me suspended in a state of perpetual technological uncertainty. In the competitive landscape of software development, where reputation and reliability are everything, these connectivity failures represent more than just a technical inconvenience. They are potential career-altering events that can fundamentally reshape professional trajectories. Each moment of interrupted communication represents potential project delays, missed collaborative opportunities, and a direct threat to the complex technological ecosystems I help construct. The psychological toll cannot be overstated - as a professional who has built a career on technological competence and unwavering commitment to excellence, this connectivity breakdown feels like an existential threat to my professional identity."
3.0,"My Wi-Fi has been dropping like crazy all day, and it's making me want to pull my hair out. It started right after they announced some maintenance nearby, so I'm pretty sure that's to blame. I'm a college student, and I was in the middle of an online quiz for my history class when the connection cut outâ€”I lost all my answers and got a zero because the timer ran out before I could reconnect. I've got finals coming up, and I need to watch recorded lectures, but every 10 minutes, the Wi-Fi dies again. I've tried resetting the router, moving my laptop closer, even begging it to workâ€”nothing helps. This is a total disaster!"
4.0,"I've had no internet since this morning's maintenance started, and it's turned my day upside down. I manage a small retail store, and I had a crucial video meeting scheduled at noon to discuss our quarterly sales goals with my team. Without a connection, I couldn't joinâ€”my phone's data is too weak for video, and I ended up missing the whole thing. Now we're behind on planning, and my boss isn't happy. I've tried rebooting everything, checked with a neighbor who's fine, so it's clearly something specific to me. This is infuriatingâ€”I need this fixed fast!"
5.0,"My mobile data has been crawling all day, and it's making everything so much harder. I'm a wedding photographer, and I was out shooting a ceremony this morning, trying to upload preview shots to Instagram for the couple. By 11:30, I couldn't even load a webpage, let alone send high-res photosâ€”I had to tell the bride and groom I'd get them later, which was so embarrassing. They were expecting those posts to share with guests, and I let them down. I've restarted my phone, switched networks, everythingâ€”still no improvement. This is ridiculous for a premium plan!"
6.0,"Since the maintenance began, my TV streaming has been buffering nonstop, and it's ruined what was supposed to be a fun night. My roommates and I had planned a movie marathonâ€”we'd picked a trilogy, stocked up on snacks, and were ready to unwind after a brutal week. But by noon, every scene was interrupted by endless loading screens. We tried different apps, lowered the quality to 480p, rebooted the TVâ€”nothing stopped the buffering. It's not just annoying; it's a total buzzkill, and I'm so disappointed this had to happen tonight."
7.0,"My internet crashed completely during this maintenance, and it's left me feeling totally cut off. I'm a nurse who works nights, and I use my days off to video chat with my family overseasâ€”it's the only time we can catch up across time zones. At 12:30, our call dropped mid-sentence, and I couldn't get back online. I'd been counting down to that chat all week, and now I'm just sitting here, staring at a dead screen, wondering when it'll come back. I've tried every fix I knowâ€”restarting, unpluggingâ€”nothing works. Please hurry!"
8.0,"I run a home consultancy, and the sudden landline failure has created a critical business crisis. By 1 PM today, my phone went completely dead, jeopardizing critical client calls for a six-figure project I've been pursuing for months. My rural location already challenges mobile connectivity, and now I'm completely cut off from essential business communications. I've exhaustively troubleshot the issue - checking the handset, phone line, junction box, and even attempting an old rotary phone - but nothing has restored service. This isn't just a technical problem; it's a potential catastrophic blow to my professional reputation and family's financial stability. My wife is already stressed about our daughter's upcoming tuition, and this project was supposed to cover those expenses. I've desperately tried alternative communication methods: borrowing a neighbor's Wi-Fi, attempting to email clients, but even that failed when my laptop crashed mid-draft. My mobile phone is essentially useless, unable to send even a simple text to update my wife about my situation. The complete lack of communication from the service provider is infuriating. No alerts, no emails, no customer support response - just an automated helpline that died along with my phone's battery. I've been with this company for years, paying premium rates for a reliable landline in an area with minimal cell coverage, and now it feels like a complete abandonment. The timing couldn't be worse - I have a critical pitch tomorrow that could make or break my entire year's financial outlook. My daughter's confusion when she couldn't reach me, my inability to coordinate important business details, and the looming deadlines are creating immense personal and professional pressure. I'm rapidly approaching a breaking point, desperately needing to understand whether this is a maintenance issue or a more significant system failure. The silence is not just inconvenient; it's potentially destroying my livelihood, my family's trust, and my professional credibility."
9.0,"I'm a competitive esports team member, and today's extreme internet latency has completely destroyed our tournament chances. We were competing for a $5,000 prize in a match that could have been my breakthrough moment, but the network performance was catastrophic. My ping spiked to 500ms at the crucial moment, rendering me unable to play effectively. My character froze mid-fight, bullets passed through walls, and I watched helplessly as our team was eliminated in the first round. My team captain's message - 'you cost us everything' - confirmed the devastating impact. I've tried every possible technical solution: switching to Ethernet, rebooting the router multiple times, resetting my PC, and even asking my brother to stop using the internet. Nothing has resolved the persistent connection issues. Ping tests show constant instability, fluctuating between 300-600ms, making competitive gaming impossible. This was more than just a game; it was my potential pathway to a professional gaming career, an opportunity to prove myself and potentially move out of my parents' home. My team's trust is shattered, and the competitive community's response has been brutal. My neighbor, also a tech enthusiast, confirmed similar connection problems, suggesting a broader network issue. However, the service provider has been completely unresponsive - no outage alerts, no support communication. I've exhausted every troubleshooting method, from cable checking to device resets, but the connection remains unplayable. The emotional and professional toll is immense - this was supposed to be our breakthrough tournament, and now it feels like my dreams are collapsing due to technical failures beyond my control."
10.0,"As a project manager overseeing a global team across three continents, I'm experiencing a catastrophic internet connectivity crisis. My entire workday has been derailed by persistent connection drops. Starting at 9 AM, I've been kicked off four critical video calls, missing essential updates and damaging my professional credibility. Each disconnection forces me to frantically attempt to rejoin, but the damage is already done - my team is frustrated, and my boss is questioning my reliability. The professional impact is compounded by personal frustration. My 10-year-old son returned from school excited to play Fortnite with his friends, but repeated Wi-Fi interruptions left him in tears. I've exhausted every possible troubleshooting method: multiple router resets, repositioning the device, checking all cable connections, and even desperate attempts to stabilize the connection. My neighbor confirms similar service issues, suggesting a broader network problem. Despite being a five-year customer on a premium plan, I've received zero communication from the provider - no outage alerts, no explanations, nothing. This isn't just an inconvenience; it's a complete disruption of both my professional workflow and family's digital connectivity. My upcoming presentation tomorrow is now at risk, as I'll likely spend tonight troubleshooting instead of preparing. The mobile hotspot is equally unreliable, with signal so weak it can barely send a text. The constant uncertainty is creating immense stress - I'm watching my work responsibilities pile up while feeling completely helpless. I need immediate answers about these persistent connection dropouts and a clear timeline for resolution. My patience is wearing thin, and the impact on my work and family is becoming unbearable."
11.0,"As a real estate professional, I'm facing a catastrophic mobile signal loss that threatens my entire business ecosystem. In a market where communication is paramount, this complete network failure has transformed my most critical business tool into a useless device. Three potential property buyer calls have been irretrievably lost - representing not just missed commissions, but potential long-term client relationships and critical revenue streams. I've conducted extensive troubleshooting, driving through various locations, strategically positioning myself at different elevations, and attempting every conceivable technical reset. Each failed attempt underscores the complete breakdown of the mobile communication infrastructure I've relied on. The timing couldn't be more devastating. In real estate, every moment counts. Potential buyers have minimal patience, and any delay can immediately redirect their interest to another agent. These missed calls represent more than financial loss - they're a potential collapse of my carefully built professional network. This signal loss is a profound breach of the promise of modern communication technology. In an era promoting constant connectivity and the ability to conduct business from anywhere, I find myself completely disenfranchised. My professional mobility - a key selling point of my real estate services - has been systematically dismantled by this inexplicable network failure. The psychological toll is immense. Each moment of silence increases my professional anxiety. The real estate market moves at the speed of communication, and being forcibly removed from this rapid exchange creates a sense of professional paralysis that is both mentally and emotionally devastating. The complete absence of communication from the mobile service provider adds another layer of frustration. No updates, no estimated resolution time, no acknowledgment of the systemic failure that has effectively silenced my primary professional communication tool. This isn't just poor customer service - it's a fundamental betrayal of the professional contract between service provider and customer."
12.0,"Last night, my internet just stopped working out of nowhere, and it's been a headache ever since. I'm a freelance writer, and I was working on an article due this morning when the connection dropped at 10 PM. I couldn't research, couldn't submitâ€”had to email my editor from my phone's spotty data to beg for an extension. Restarting the router didn't help, and I'm still offline now. This is killing my workflow, and I'm so annoyed there's no explanation for it!"
13.0,"Since last night's outage, I've had no TV or internet, and my kids are driving me up the wall. We were watching a show together when everything cut out at 9 PM, and they've been whining ever since because they can't stream their cartoons. I've tried rebooting everything, checked the cablesâ€”nothing's bringing it back. It's not just about entertainment; I need the internet to check my work email too. This is a total mess, and I'm fed up with the silence from the provider."
14.0,"As a delivery driver, my entire professional workflow critically depends on mobile data connectivity. Today's complete mobile service failure has created a cascading series of professional complications that directly threaten my job performance and employment stability. During my morning delivery route, I was unable to confirm drop-offs, navigate to subsequent addresses, or communicate effectively with customers. The inability to access navigation and communication tools resulted in significant delays, causing my supervisor to reprimand me for poor performance. I've systematically attempted every possible troubleshooting method: toggling mobile data, performing comprehensive phone restarts, and checking network settings, but nothing has restored service. These connectivity issues are not merely inconvenient; they represent a direct financial threat. Each minute of service interruption potentially reduces my earning capacity, impacts my professional reputation, and increases the risk of job loss. The complete lack of communication from the service provider about this outage adds an additional layer of frustration. As a professional who relies entirely on mobile connectivity for job performance, I require immediate resolution. My livelihood depends on having a reliable, functional mobile data connection that allows me to perform my job effectively, communicate with customers, and navigate complex delivery routes. The economic and professional consequences of this service failure are immediate and potentially long-lasting."
15.0,"My internet's been down for hours now, and it's spiraled me into a bind so tight I can barely breatheâ€”I work remotely as a customer support agent, and this isn't just an inconvenience, it's a ticking clock to a disaster that could upend my entire life. I'm supposed to start my shift tomorrow morning at 8 AM sharp, handling calls for a big retail client where every minute logged matters, and without a connection, I can't access the system, answer tickets, or even ping my teamâ€”I'm staring at a blank screen while my stomach knots up, imagining my supervisor's email accusing me of slacking, or worse, a write-up that could tank my job when I'm already on thin ice after a rough quarter. This gig's my lifelineâ€”I'm a single mom, and my 7-year-old son depends on every paycheck to keep us afloat; we just moved into this tiny apartment after scraping by, and I promised him stability, but now I'm terrified I'll get in trouble and lose it all over something I didn't cause. The outage hit out of nowhere this afternoon, right when I was testing my setup for tomorrowâ€”3 PM, and the Wi-Fi icon went red, leaving me scrambling ever since. I've tried everything I knowâ€”unplugging the modem until it's warm to the touch, restarting my laptop so many times the fan's whining, even tethering my phone's data, which crawls at a useless 1 Mbps because we're stuck in this dead zone where the signal's a whisper at best; I can't load our support portal, let alone handle a call, and every failed attempt chips away at my hope. I've been at this for hoursâ€”dragging the router to every corner of the apartment, climbing onto a chair to check the cable outside the window in the freezing wind, resetting network settings until my eyes blur from the screen glareâ€”and nothing works, just a blinking light on the modem that's become my personal nemesis, taunting me with every flicker. My son wandered in at 4 PM, asking why I looked so madâ€”he wanted to watch his cartoons after school, but the TV's dead too, and his little â€˜Mommy, fix it' broke my heart because I can't, and I snapped at him to go play, hating myself for it as he sulked away. I called my landlord, who shrugged and said his internet's out too, muttering about some outage rumor, but there's no word from the providerâ€”no text, no email, just a silent website when I burned my phone's last data bar trying to check, and the helpline's a dead end with a cheery robot that's now my sleep paralysis demon. We've been with this company for years, trusting it to keep me connected for work, and now it's like they've vanishedâ€”last month's glitch was quick, but this feels like a betrayal, and I'm petrified it'll stretch into tomorrow's shift when I need to clock in or face the music. I tried my neighbor's Wi-Fi, but it's down too; I even dragged my laptop to the coffee shop a mile away, but it closed early, leaving me stranded in the parking lot refreshing a dead connection while my son's at home with a babysitter I can't afford much longer. The apartment's a pressure cookerâ€”me pacing, my boy's quiet resentment, and a stack of bills glaring from the counter, all hinging on this job I can't do without internet. My supervisor's strictâ€”last time I missed a shift for a sick day, she docked my hours, and I can't risk that again, not with rent looming and my kid's school fees due. This isn't just an outage; it's my career teetering, my promise to my son cracking, and my sanity unraveling with every failed rebootâ€”I've sunk everything into this job, borrowed for this laptop, and now I'm helpless because of a wire I can't see. I need to know what's happeningâ€”is this a cut line, a botched update, anything?â€”and when it'll end, because I'm one more hour of silence from losing my grip, and I can't let my son downâ€”I'm begging for this to stop!"
16.0,"My phone lines have been dead since yesterday, and it's got me really worried. I'm retired, and I depend on my landline to call my kids and grandkidsâ€”they check in every evening to make sure I'm okay. Last night, they couldn't reach me, and I hate thinking they're panicking. I've checked the phone, the cordsâ€”everything's plugged in right. This outage is isolating me, and I just want it back up so I can feel connected again."
17.0,"I've had no phone signal all day, and it's seriously messing with my business. I run a small bakery, and customers call to place ordersâ€”today, I've missed who-knows-how-many because my phone's a brick. I've tried restarting it, moving around the shopâ€”nothing gets a bar. This is the worst timing; we're gearing up for a big weekend rush, and I can't afford this kind of disruption. What's causing this, and when will it be fixed?"
18.0,"My internet keeps dropping every hour since this outage started, and it's driving me crazy. I'm a graphic designer, and I was working on a client logo when it first cut out at 2 PMâ€”lost 20 minutes of unsaved work. It's happened three more times since, and I'm paranoid about losing more progress. I've rebooted the router, tried my phone's dataâ€”nothing's stable. This is wrecking my deadline, and I'm so annoyed there's no update on when it'll stop."
19.0,"My TV service has been out all day, and it's put a damper on everything. I'm a huge sports fan, and I was set to watch a big game this afternoonâ€”kicked off at 3 PM, and I missed it because the screen's blank. I've tried restarting the box, checking the cablesâ€”nothing brings it back. It's not just the game; I can't even switch to streaming because the internet's shaky too. This outage is a total letdown, and I want it fixed!"
20.0,"Since last night, I've had no internet or phone service, and it's turned my home into a chaos zone with no end in sight. I'm a single parent with three kids, and we rely on the internet for everythingâ€”homework, staying in touch with family, even keeping the little ones entertained so I can get a breather. The trouble started around 8 PM yesterday when we were winding down; the Wi-Fi dropped, and I noticed my phone had no signal either. I thought it'd be a quick glitch, but here we are, almost 24 hours later, and it's still a dead zone. My oldest had a science project due today that needed online researchâ€”he stayed up late trying to use my phone's weak data, but it kept failing, and he's devastated because he couldn't finish. My middle kid's been begging to video chat with her cousins, and I had to break it to her that we can't, which led to a meltdown. Even my toddler's cranky because his favorite shows won't load, and I'm running out of ways to distract himâ€”I've sung every nursery rhyme I know twice over! I've tried all the fixes: rebooting the router, unplugging everything, checking every connection point in the houseâ€”nothing's worked. I even walked outside to see if the signal was better, but it's just as bad. My neighbor popped by this morning, and she's in the same boat, so it's clearly not just us, but there's been no word from the providerâ€”no email, no text, not even a recorded message when I tried calling support with the one bar I got briefly. I work part-time from home as a virtual assistant, and I was supposed to log in this morning for a client callâ€”missed it completely, and now I'm worried about my hours getting cut. This isn't the first outage we've had, but it's by far the worst; last time, it was a few hours, and we managed, but this feels endless. I tried using my mobile data as a backup, but it's so spotty I can't even load a webpage, let alone run my work software. The kids are climbing the walls, I'm frazzled, and the house feels like it's shrinking by the minute. I pay a hefty bill every month for this service, expecting it to hold up when we need it, and right now, it's failing us spectacularly. I've got no idea what's causing thisâ€”maybe the storm last week messed something up, or it's some unannounced maintenanceâ€”but the silence from the company is maddening. I need answers: why is this happening, how widespread is it, and most importantly, when will it be over? I can't keep juggling disappointed kids and a stalled job much longerâ€”I'm at my wit's end, and I just want our normal routine back before we all lose it!"
21.0,"We scheduled a maintenance session to replace some old equipment at the central hub, and it was a bit of a logistical puzzle. The plan was to swap out aging routers and switches that had been causing intermittent issues for customers in the area. We brought in a team of techs, set up a temporary bypass, and aimed to keep disruptions minimal. It started early, and we figured it'd be quick, but some unexpected hiccupsâ€”like a faulty new unitâ€”slowed us down. A few folks reported problems, but we got it sorted, and the hub's running smoother now."
22.0,"As a sales representative, I'm experiencing a critical communication breakdown that is devastating my professional performance. Throughout this morning, I've been repeatedly cut off mid-pitch during client calls, a situation that has directly impacted my sales potential. The most damaging incident occurred when a key client became so frustrated with the dropped call that they terminated our conversation permanently. I've attempted multiple troubleshooting methods - switching phones, repositioning within my office, changing locations - but nothing has resolved the persistent connection issues. These interruptions began coinciding with the maintenance work, and the frequency of call drops is unacceptable. Each disconnection represents more than just a technical glitch; it's a potential loss of revenue and professional credibility. The unpredictability of these call drops makes it impossible to maintain professional momentum or effectively communicate with clients. My ability to close deals and maintain client relationships is being systematically undermined by these continuous technical failures. The lack of reliable communication is not just an inconvenience; it's a direct threat to my livelihood. I need immediate resolution to prevent further damage to my professional reputation and sales performance. These persistent interruptions are creating an environment of uncertainty and frustration that could have long-lasting consequences for my career. The maintenance team needs to understand the critical impact their work is having on professionals who depend entirely on reliable communication."
23.0,"As a certified public accountant, I'm facing a critical technological crisis that threatens the fundamental integrity of my professional service. During the most crucial period of the tax filing season, the internet connectivity has become a severe impediment to my ability to serve clients effectively. What should be a straightforward process of uploading critical tax documentation has transformed into an agonizing, hours-long struggle. Each moment of delayed file transfer represents a potential breach of professional trust and a significant risk to my clients' financial well-being. I've exhausted every technical solution available: precise router reboots, methodical cache clearances, and comprehensive network configuration adjustments. Each attempt has been met with persistent digital resistance that completely undermines my professional capabilities. The absence of communication from the internet service provider adds an additional layer of professional anxiety. There are no proactive updates, no transparent explanations about the maintenance procedures, and no estimated resolution time. These tax documents represent the financial hopes and critical compliance needs of individuals and small businesses who depend entirely on my expertise. The timing of this maintenance is catastrophic, occurring during a period of intense professional pressure where every second counts. The financial services industry operates on razor-thin margins of error, and this connectivity collapse is a direct threat to the professional ecosystem that supports numerous businesses and individuals. As a professional who has built a career on reliability and precision, this technological failure represents an existential threat to my professional identity. I am demanding a comprehensive investigation into how this systemic failure could occur during such a critical professional period. The professional and economic impact of these connectivity failures is profound and requires immediate, detailed explanation and resolution."
24.0,"My Wi-Fi signal's been weak and unstable all day, and it's throwing a wrench in my plans. I'm a teacher, and I was running an online class this morning when it started cutting outâ€”kids couldn't hear me, and I had to cancel halfway through. It's clearly tied to the maintenance, but that doesn't make it less aggravating. I've tried moving closer to the router, restarting itâ€”nothing steadies it. This is a mess, and I need it back to normal!"
25.0,"My mobile data keeps cutting out randomly today, and it's a real hassle. I'm a rideshare driver, and I need it for navigationâ€”this morning, I got lost mid-trip because the map wouldn't load, and my passenger wasn't thrilled. I've restarted my phone, switched appsâ€”nothing keeps it steady. This started with the maintenance, and it's costing me fares. I just want it fixed so I can get back to work without stress!"
26.0,"My TV picture's been pixelated since this morning, and it's driving me nuts. I'm a retiree, and I look forward to my morning news showsâ€”today, it's all blurry and choppy, and I can't make out a thing. I'm pretty sure it's the maintenance messing things up. I've rebooted the box, checked the connectionsâ€”nothing clears it up. This is my daily routine, and I'm annoyed it's been wrecked like this!"
27.0,"My internet dropped right in the middle of an important call today, and it's left me scrambling. I'm a lawyer, and I was on a video conference with a client at 10:30 when the screen frozeâ€”I couldn't reconnect, and we had to reschedule. It's embarrassing and unprofessional, especially since this maintenance was supposed to improve things. I've tried restarting everythingâ€”still nothing. This is unacceptable, and I need it fixed now!"
28.0,"As a realtor, my professional survival depends entirely on reliable communication. Today's persistent phone signal issues have threatened my entire livelihood and potential to close a critical $400,000 property sale. At 10:45 AM, during a pivotal negotiation, my call quality deteriorated catastrophically - voice cutting in and out, causing the potential buyer to become frustrated and terminate our conversation. The financial implications are severe: this sale is essential to cover my mortgage and sustain my business. I've exhaustively attempted to resolve the connectivity problem: cycling through three different phones, driving around searching for signal strength, and even climbing to elevated positions to improve reception. Each attempt has failed, leaving me with an inconsistent, unreliable connection that renders professional communication impossible. My inbox is now filled with angry messages from sellers and buyers questioning my professionalism, while my business reputation rapidly erodes. The situation extends beyond professional consequences - my personal life is also impacted. My wife, managing our sick toddler, cannot reliably reach me, creating additional family tension. The mobile service provider has been completely unresponsive, offering no updates, explanations, or support during this critical communication breakdown. This maintenance-related outage is not just a technical inconvenience; it represents a potential complete disruption of my professional ecosystem. I've invested years building my real estate practice, and these connectivity failures threaten to unravel everything I've worked to achieve. The inability to communicate effectively is preventing me from closing deals, maintaining client relationships, and managing my business operations. I urgently need a comprehensive explanation of the service interruption and a precise timeline for restoration to prevent further professional and personal damage."
29.0,"Streaming services have been lagging badly today, and it's ruined my chill time. I'm a student, and after a long week of classes, I just wanted to binge a show this morning. But since 11 AM, everything's buffering every few minutesâ€”I can't get through an episode without interruptions. I've lowered the quality, restarted the appâ€”nothing works. This maintenance is supposed to help, not make things worse, and I'm so over it!"
30.0,"My internet's been slower than molasses all day today, and it's turned my online classes into a complete fiasco. I'm a high school senior taking virtual courses, and I had a big biology lecture at 10 AM that I couldn't keep up with because the video kept freezingâ€”by 11:15, I'd missed half the material, and my teacher's not happy. My parents are on my case about falling behind, and I'm freaking out because college apps are due soon, and I need these grades. It's not just school either; I was supposed to join a study group online this afternoon, but the connection was so bad I couldn't hear anyone, and we had to call it off. I've tried everythingâ€”restarting the router, plugging in directly, even begging my little brother to stop streaming so I could have the bandwidthâ€”but it's like the internet's laughing at me, crawling along no matter what I do. I called my best friend across town, and she's having issues too, so it's probably not just our house, but there's been no update from the providerâ€”no email, no text, nothing to tell us why this is happening. I've been with this company since we moved here three years ago, and I've never seen it this bad; usually, it's a quick hiccup, but this feels like a full-on collapse. I tried using my phone's data, but it's barely pulling one bar, and it drops every time I move an inch. I've got a lab report due tomorrow that I need to research, and at this rate, I'll be up all night praying for a miracle. My mom's mad because she couldn't work eitherâ€”she's a remote bookkeeperâ€”and my brother's sulking because he can't play his games. The whole house is a pressure cooker, and I'm stuck in the middle, feeling helpless and angry. This isn't just about slow speeds; it's about my future hanging in the balance, and I'm terrified I'll bomb this semester because of something I can't control. I need to know what's causing this, why it's dragging on, and when it'll finally be overâ€”I can't take much more of this stress, and I just want to get back to learning without fighting the internet every step of the way!"
31.0,"My phone service has been out since the power went off last night, and it's got me on edge. I'm a caregiver for my elderly mom, and we need the landline for emergenciesâ€”she's got health issues, and I can't risk not being able to call 911. Last night, I noticed it was dead when I tried to check in with her doctor, and it's still out now. I've checked the lines, the phone itselfâ€”everything's fine here. This outage is scary, and I need it back up pronto!"
32.0,"My internet's been down since the outage hit last night, and it's thrown my finances into chaos. I'm a freelancer who manages my banking online, and I was supposed to pay bills and transfer funds this morningâ€”couldn't do any of it because the connection's gone. I've tried rebooting the router, using my phone's dataâ€”nothing works, and now I'm facing late fees. This came out of nowhere, and I'm livid there's no update on when it'll be back!"
33.0,"As a contractor, my entire professional ecosystem depends on reliable mobile communication. Today's complete mobile signal failure has created a catastrophic disruption to my business operations. At 11:30 AM, I missed a critical callback about a $10,000 roofing project that is already behind schedule. I'm responsible for coordinating crew activities, ordering materials, and maintaining client satisfaction, but the total loss of mobile connectivity has rendered me professionally paralyzed. I've missed four critical client calls, each representing a potential devastating blow to my business reputation and financial stability. My attempts to resolve the connectivity issue have been exhaustive and increasingly desperate: driving to different locations, climbing to elevated positions, repeatedly restarting devices, and even swapping SIM cards. My crew is sending urgent messages about lumber orders, and potential clients are likely seeking alternative contractors while I remain unreachable. The personal financial stakes are immense - I have a teenage daughter needing braces, a truck payment due, and a family depending on my income. This isn't just a technical inconvenience; it's a potential complete destruction of my professional credibility. My neighbor confirms a widespread outage, likely related to a recent storm, but the service provider remains silent, offering no explanation or estimated resolution time. I've explored every possible communication backup - my wife's phone is also non-functional, and local Wi-Fi hotspots are unavailable. The psychological toll is significant; each missed call represents not just a lost business opportunity, but a potential unraveling of the professional network I've spent years building. I urgently need information about the cause of this outage and a precise timeline for service restoration to prevent further professional and financial damage."
34.0,"My TV and internet both stopped after last night's power issue, and it's driving me up the wall. I was watching a movie with my partner when it cut out at 10 PM, and we've been offline ever since. I've tried restarting everything, checked all the connectionsâ€”nothing's working. I need the internet for work tomorrow, and this silence from the provider is maddening. When will this be sorted out?"
35.0,"I've had no internet all morning, and it's ruining my schedule. I'm a remote tech support rep, and I was supposed to start helping clients at 9 AMâ€”without a connection, I'm dead in the water, and my boss is going to flip. I've tried rebooting, using my phone's dataâ€”nothing's fast enough. This outage hit with no warning, and I'm so frustrated there's no timeline for a fix. I need this back now!"
36.0,"My phone line's been silent since last night's outage, and it's a big worry for me. I live alone, and I need it to call my sister every nightâ€”she's got kids and checks on me. Last night, she couldn't get through, and I know she's freaking out. I've checked the phone, the jacksâ€”everything's plugged in right. This outage is isolating me, and I'm desperate to get it working again soon!"
37.0,"I lost all connectivity after the power failure last night, and it's a total disaster. I'm a student, and I need the internet for my online coursesâ€”today, I couldn't join a lecture or work on assignments, and my grades are at risk. My parents work from home too, and they're furious because they missed meetings. We've tried everythingâ€”restarting, checking linesâ€”nothing's back. This outage is a nightmare, and we need it fixed!"
38.0,"My TV signal's been gone since the outage started, and it's a real bummer. I'm a news junkie, and I rely on it for updatesâ€”today, I missed a big story because the screen's blank. I've rebooted the box, checked the cablesâ€”nothing's bringing it back. The internet's shaky too, so I can't stream as a backup. This outage is ruining my day, and I want to know when it'll be over!"
39.0,"My internet keeps dropping since this morning, and it's unbearable. I'm a blogger, and I was posting an article when it first cut out at 11 AMâ€”lost my draft and had to start over. It's dropped twice more since, and I'm paranoid about losing work again. I've tried rebooting, moving closer to the routerâ€”nothing's stable. This outage is killing my productivity, and I'm so mad there's no update!"
40.0,"My mobile data's been useless since last night's power outage, and it's thrown my entire day into disarray. I'm a small business owner selling handmade jewelry online, and I rely on my phone to check orders, reply to customers, and update my shop. This morning, I woke up to a flood of emails I couldn't respond to because the data wouldn't loadâ€”by 1 PM, I'd missed five sales because buyers moved on when I didn't confirm. I've got a big craft fair coming up this weekend, and I was supposed to post promos today, but I can't even upload a photo without it timing out. My husband's annoyed too; he works from home as a data analyst and couldn't log into his system, so we're both scrambling. I've tried everythingâ€”restarting my phone, toggling data, driving a mile out to see if the signal's betterâ€”nothing works, just a spinning wheel or â€˜no service' glaring back at me. I called my sister, who lives nearby, and she's got the same problem, so it's clearly widespread, but the provider's been dead silentâ€”no outage notice, no ETA, nothing on their website when I managed to peek using a neighbor's Wi-Fi. We've been loyal customers for a decade, paying for a plan that's supposed to handle this kind of thing, and now I'm wondering why we bother. Last year, we had a storm that knocked things out for a few hours, but this feels way worseâ€”like the whole network's collapsed. I tried switching to Wi-Fi, but our internet's down too, and the router's just blinking at me uselessly despite all my resets. My customers are messaging me on Instagram, asking where their orders are, and I can't even apologize properlyâ€”my reputation's taking a hit, and it's not my fault! My husband's pacing, worried about his deadlines, and I'm trying to keep it together while fielding complaints I can't fix. This isn't just about checking emails; it's about my livelihood, our household running smoothly, and not losing everything I've built because of a glitch nobody's explaining. I need to know what's behind this outageâ€”did the power surge fry something major?â€”and when it'll be back. I'm losing money and patience by the hour, and I can't keep waiting in the dark for a miracle!"
41.0,"We had a scheduled maintenance job to install fiber optics in the eastern sector, and it was a beast of an undertaking that tested every ounce of our gritâ€”it wasn't just a routine fix, it was an ambitious project to drag a whole region into the future, bringing faster internet to a sprawling area that's been howling for better service with new homes popping up like weeds, businesses clamoring for bandwidth, and folks tired of buffering through their lives. The idea hit us months ago when complaints started flooding inâ€”laggy Zoom calls, streaming that crawled, kids whining about slow gamesâ€”and we knew we had to act, so we mapped out a plan to lay down miles of fiber, promising speeds that'd make dial-up a distant memory; it was our chance to shine, to prove we could deliver, and we dove in headfirst with a mix of excitement and dread. We brought in the heavy artilleryâ€”backhoes growling at dawn, spools of cable thicker than my arm, a crew of twenty bleary-eyed techs who'd been prepping for weeks, poring over blueprints under flickering garage lights, double-checking every junction because this wasn't just about digging holes, it was about stitching a lifeline into a community counting on us. We coordinated with local utilitiesâ€”power, water, gasâ€”dodging their lines like a dance, negotiating shutdowns with gritted teeth, all to keep the chaos controlled; the eastern sector's a patchwork of old farms and new subdivisions, and every trench we dug felt like a gamble against buried surprisesâ€”old pipes, forgotten cables, roots that fought back. It kicked off at 5 AM, the sky still bruised purple, our breath fogging as we fired up the machines, aiming to wrap by dusk and minimize downtimeâ€”we'd sent out flyers, blasted emails, told everyone â€˜bear with us, it'll be worth it,' but some folks got hit harder than expected with service drops that stretched hours, not minutes, because the old copper lines didn't play nice when we cut over, and a junction box fried under the strain, sparking and smoking like a warning shot we didn't see coming. I was there, boots caked in mud, barking orders over the roar of engines as we raced the clockâ€”my foreman, Joe, a grizzled vet with a limp from '98, kept the trench line straight while I wrestled with a utility rep on the phone, begging for an extra hour before they flipped their switches back on; we'd promised smooth, but smooth went out the window when a backhoe clipped a water main, turning half the site into a swamp, and we lost two hours bailing it out, water soaking my jeans to the knees as I cursed under my breath, knowing every delay meant angrier customers. The crew pushed throughâ€”lunch was cold coffee and granola bars, hands blistered from shovels, eyes stinging from dustâ€”laying fiber faster than we'd ever done, splicing under floodlights as night crept in, because quitting wasn't an option; we'd seen the stakes, the new daycare needing video for parents, the startup begging for cloud access, the grandma who just wanted FaceTime with her grandkids across the state. It's done nowâ€”18 hours instead of 16, the last connection humming at midnightâ€”and the upgrade should pay off big time, with speeds clocking triple what they had, but I can't shake the calls we got, voices sharp with â€˜why'd it take so long?' or â€˜my business lost a day,' and I feel the weight of that harder than the mud still drying on my boots. We tested every line, watched the green lights blink alive, and drove home exhausted but proud, the eastern sector lit up like a promise keptâ€”new homes glowing with Netflix, offices uploading without a hitch, kids gaming lag-free. It wasn't perfectâ€”those drops stung, and I'll hear about it in the reportsâ€”but it's a win, a sweaty, messy, hard-fought win, and I hope they see it too when the dust settles and the speed hits their screens!"
42.0,"I've been dealing with high latency since this morning, and it's wrecked my gaming and streaming. I'm a streamer, and I had a live session planned at 9 AMâ€”my viewers were ready, but the lag was so bad I couldn't play smoothly, and half my audience bailed. I've tried Ethernet, lowered settingsâ€”nothing fixes it. This started with the maintenance, and it's costing me subs and my sanity. I need this sorted out quick!"
43.0,"As a digital marketing professional, I'm facing a critical internet connectivity crisis that threatens an entire multimedia campaign for a major technology client. The current maintenance-induced internet failure is jeopardizing weeks of strategic planning and creative development. I'm working on a pivotal campaign that requires precise digital transmission of a complex multimedia presentation, and each moment of upload delay directly erodes the campaign's strategic potential. The upload process has transformed from a straightforward digital transmission into a frustrating technical nightmare. My comprehensive troubleshooting efforts have been exhaustive: performing precise router reboots, implementing methodical cache clearances, and executing detailed network configuration adjustments. Despite these efforts, each solution has been met with persistent digital resistance that undermines my professional capabilities. The complete lack of communication from the internet service provider adds significant professional anxiety. There are no proactive updates, no transparent explanations about maintenance procedures, and no estimated resolution time. The marketing industry operates on extremely tight margins of timing and precision, where campaign launches require split-second digital coordination. This connectivity collapse is more than an inconvenience; it represents a direct threat to the digital marketing communication ecosystem. Each delayed transmission potentially damages brand positioning and strategic opportunities. The psychological impact is profound - this connectivity breakdown feels like an existential threat to my professional identity, challenging the technological competence I've built throughout my career. Client relationships in marketing are fundamentally based on reliability and technological prowess. A missed deadline or compromised presentation could be a potential deal-breaker that fundamentally alters my professional trajectory. I am demanding a comprehensive investigation into how this systemic failure occurred during such a critical professional period. I require a detailed explanation of maintenance procedures, a precise restoration timeline, and meaningful acknowledgment of the professional and economic impact of these connectivity failures."
44.0,"My Wi-Fi keeps dropping during this maintenance, and it's a disaster for my meetings. I'm a project coordinator, and I was on a video call with my team at 8:45 when it cut outâ€”I missed key updates and had to scramble to catch up. It's happened twice more since, and I look incompetent. I've tried restarting, moving closerâ€”nothing keeps it steady. This is infuriating, and I need it fixed now!"
45.0,"My mobile signal's been weak since maintenance started, and it's making calls a chore. I'm a nurse, and I need to coordinate with patientsâ€”today, I could barely hear a client, and it's unprofessional. I've tried switching phones, moving aroundâ€”nothing gets a clear line. This is tied to the maintenance, and it's stressing me out. I just want reliable service back!"
46.0,"My TV streaming's been choppy all day, and it's a total letdown. I'm a stay-at-home dad, and I use it to keep my kids occupied while I cookâ€”today, it's been freezing every few minutes, and they're restless. I've rebooted, lowered qualityâ€”nothing stops it. This maintenance is making my day harder, and I'm annoyed it's dragging on like this!"
47.0,"My internet went down during a critical update today, and it's a mess. I'm a software tester, and I was installing a patch at 9:30 when it cut outâ€”now the system's stuck mid-update, and I can't finish my work. I've tried rebooting, using my phone's dataâ€”nothing's fast enough. This maintenance timing is awful, and I need it back up pronto!"
48.0,"My phone calls keep cutting out today, and it's killing my client relations. I'm a financial advisor, and I need clear linesâ€”today, I've dropped three calls, and clients are getting irritated. I've tried different phones, moving outsideâ€”nothing works. This started with the maintenance, and it's a huge headache. I need this fixed fast!"
49.0,"As an individual who relies on streaming platforms for evening relaxation and emotional decompression, I'm experiencing a severe internet connectivity crisis that is completely disrupting my essential personal downtime. My carefully planned evening of digital entertainment has devolved into a frustrating experience of constant buffering and interrupted streaming. What should be a therapeutic escape from daily pressures has become a source of significant stress. I've exhaustively attempted to resolve the technical issues: reducing streaming quality, performing precise router resets, and methodically adjusting network configurations. However, each troubleshooting attempt has been met with persistent connection problems that render streaming virtually impossible. The complete lack of communication from the internet service provider compounds my frustration. There are no updates, no explanations about maintenance procedures, and no estimated resolution time. This isn't just a technical inconvenience; it represents a fundamental disruption of my personal stress-relief mechanism. Late-night hours are my critical window for psychological recovery, a sacred time when I can disconnect from daily demands and explore emotional narratives through digital content. The maintenance-induced connectivity collapse feels like a direct assault on my mental well-being. Streaming platforms have evolved beyond mere entertainment - they are now critical spaces for emotional exploration and cultural connection. By systematically disrupting these spaces, the service provider is not just interrupting entertainment, but fragmenting our ability to find personal solace and social connectivity. I am demanding a comprehensive investigation into how this systemic failure occurred during what should be a period of personal relaxation. I require a detailed explanation of the maintenance procedures, a precise timeline for service restoration, and meaningful acknowledgment of the psychological impact of these connectivity failures."
50.0,"My mobile data's been nearly unusable all morning, and it's turned my commute into a nightmare that I'm still reeling from. I'm a field technician, and I need it to check job sites and update my logsâ€”today, I couldn't load my schedule by 10:15, so I showed up late to two appointments, and my supervisor's furious. My wife's upset too; she's a teacher who works from home, and our internet's been spotty all day, so her virtual classes were a disasterâ€”kids couldn't hear her, and she's stressed about parent complaints. I've tried restarting my phone, switching networks, even pulling over to test the signalâ€”nothing gets it above a crawl, just â€˜loading' screens mocking me. I called a coworker nearby, and he's got the same issue, so it's not just me, but the provider's given us zilchâ€”no outage alert, no text, not even a whisper on social media when I borrowed a coffee shop's Wi-Fi to check. We've been with this company forever, paying for a plan that's supposed to handle heavy use, and now it's failing us when we need it most. Last summer, we had a brief outage after a storm, but this feels like the whole system's imploded. I tried using our home Wi-Fi as a backup, but it's dropping tooâ€”router's reset five times, and it's still a mess. My day's shot; I'm behind on work, my wife's scrambling to salvage her lessons, and we're both snapping at each other because of the pressure. This isn't just about slow data; it's about my job hanging by a thread and our household falling apart under the strain. I've got three more sites to hit today, and without reliable data, I'm driving blindâ€”clients won't wait, and I can't afford to lose this gig. My wife's got a staff meeting tonight she needs to prep for, and at this rate, she'll be a wreck. I need answers: what's causing this meltdownâ€”did the maintenance fry something?â€”and when will it be back? We're losing time, money, and patience, and I can't keep explaining to everyone why I'm failing them when it's not my faultâ€”I just want this fixed before it costs us everything!"
,
,
,
,
,
,When will my internet be stable again for my remote work after this outage?
,How soon will the Wi-Fi stop dropping so I can finish my schoolwork?
,How soon will the Wi-Fi stop dropping so I can finish my schoolwork?
,How long will it take to fix the network upgrade issues in the northern region after the maintenance?
,When will my internet be stable again for my remote work after this outage?
,How soon will the Wi-Fi stop dropping so I can finish my schoolwork?
51.0,network is not working and data loss is massive
52.0,network is not working and data loss is massive
53.0,network is not working and data loss is massive
54.0,network is not working and data loss is massive
55.0,network is not working and data loss is massive
56.0,network is not working and data loss is massive
57.0,network is not working and data loss is massive
58.0,network is not working and data loss is massive
59.0,network is not working and data loss is massive
60.0,network is not working and data loss is massive
61.0,network is not working and data loss is massive
62.0,network is not working and data loss is massive
63.0,"router is not working properly, net is slow frequently, less speed available, much data loss"
64.0,"no internet, it is down"
65.0,"no internet, it is down"
66.0,"no internet, it is down"
67.0,"no internet, it is down"
68.0,"no internet, it is down"
69.0,"no internet, it is down"
70.0,network not coming and sometimes very slow
71.0,network not coming and sometimes very slow
72.0,network not coming and sometimes very slow
73.0,network is very slow and sometimes not working at all
74.0,network is very slow and sometimes not working at all
75.0,network is 
76.0,network
77.0,"network not working, router flashing red lights only"
78.0,afvsdf
79.0,afvsdf
80.0,afvsdf
81.0,SDfasdfdfvvasdvcdCvzxcXZcsdc
82.0,SDfasdfdfvvasdvcdCvzxcXZcsdc
83.0,fdsdfasdfsdfsdffsadfsdsfd
84.0,fdsdfasdfsdfsdffsadfsdsfd
85.0,fdsdfasdfsdfsdffsadfsdsfd
86.0,fdsdfasdfsdfsdffsadfsdsfd
87.0,Please provide specific details about your technical issue. Our system is designed to address service-related inquiries only.
88.0,Please provide specific details about your technical issue. Our system is designed to address service-related inquiries only.
89.0,Please provide specific details about your technical issue. Our system is designed to address service-related inquiries only.
90.0,Please provide specific details about your technical issue. Our system is designed to address service-related inquiries only.
0.0,An error occurred: invalid literal for int() with base 10: '26.0'
91.0,Please provide specific details about your technical issue. Our system is designed to address service-related inquiries only.
92.0,Please provide specific details about your technical issue. Our system is designed to address service-related inquiries only.
93.0,Please provide specific details about your technical issue. Our system is designed to address service-related inquiries only.
0.0,An error occurred: invalid literal for int() with base 10: '51.0'
0.0,An error occurred: invalid literal for int() with base 10: '22.0'
0.0,An error occurred: invalid literal for int() with base 10: '22.0'
0.0,An error occurred: invalid literal for int() with base 10: '22.0'
0.0,An error occurred: invalid literal for int() with base 10: '22.0'
0.0,An error occurred: invalid literal for int() with base 10: '22.0'
94.0,"We had a big scheduled maintenance event planned for the northern region to upgrade our aging network infrastructure, and let me tell you, it was quite the ordeal. The goal was to replace outdated equipment and boost connectivity for thousands of homes and businesses that had been struggling with slow speeds and frequent outages for ages. We spent weeks preparingÃ¢â‚¬â€coordinating crews, scheduling downtime, and sending out notices to customers so they'd know what to expect. The actual work involved digging up old cables, installing new fiber optic lines, and updating software across multiple hubs. It started early in the morning, and we hoped to wrap it up quickly, but things got messyÃ¢â‚¬â€some areas lost service entirely, and others saw their speeds drop even lower than before. People weren't happy, and I get it; we'd promised an upgrade, not a downgrade. Still, it's done now, and the network should be stronger for it."
95.0,"The internet stopped last night, and itâ€™s thrown everything off. Iâ€™m a blogger, and at 2:15 PM, I couldnâ€™t post my scheduled pieceâ€”missed my window, and my readers are dropping off. Restarting the router did nothing; Iâ€™m dead in the water. This came out of nowhere, and Iâ€™m so frustratedâ€”I need this back to keep my audience!"
96.0,"No signal on my phone all day, and itâ€™s crushing my work. Iâ€™m a plumber with my own business, and at 3:30 PM, I couldnâ€™t call clientsâ€”missed two jobs because they couldnâ€™t reach me either. Iâ€™ve tried everythingâ€”restarting, moving aroundâ€”nothing. This outage is costing me big time!"
97.0,"A competitive esports team member faced catastrophic internet latency, with ping spikes up to 500ms, ruining their $5,000 tournament chances and potential career breakthrough. Despite exhaustive troubleshooting and similar issues reported by a neighbor, the service provider remains unresponsive, leaving the player devastated and their team's trust shattered."
98.0,"My phone lines have been dead since yesterday, and it's got me really worried. I'm retired, and I depend on my landline to call my kids and grandkidsÃ¢â‚¬â€they check in every evening to make sure I'm okay. Last night, they couldn't reach me, and I hate thinking they're panicking. I've checked the phone, the cordsÃ¢â‚¬â€everything's plugged in right. This outage is isolating me, and I just want it back up so I can feel connected again."
